timestamp,header,seq,stamp,secs,nsecs,frame_id,source,command,priority,pulse,secs,nsecs
1613698193164691572,,1,,1613698191,818670034,'',"""/admin/adam_driver""",3,5,,0,0
1613698218386848200,,2,,1613698218,98387002,'',"""/admin/adam_driver""",1,5,,0,0
1613698288775630375,,3,,1613698288,638679027,'',"""/admin/adam_driver""",2,5,,0,0
1613698314350935961,,4,,1613698314,6207942,'',"""/admin/adam_driver""",1,5,,0,0
1613698319382931629,,5,,1613698319,94934940,'',"""/admin/adam_driver""",3,5,,0,0
1613698403645430430,,6,,1613698403,550975084,'',"""/admin/adam_driver""",1,5,,0,0
1613698454345184978,,7,,1613698454,121927976,'',"""/admin/adam_driver""",1,5,,0,0
1613698627781227249,,8,,1613698627,590029954,'',"""/admin/adam_driver""",1,5,,0,0
1613699995278254953,,9,,1613699995,147625923,'',"""/admin/adam_driver""",2,5,,0,0
1613700056160225002,,10,,1613700056,33848047,'',"""/admin/adam_driver""",1,5,,0,0
