timestamp,header,seq,stamp,secs,nsecs,frame_id,unit,voltage,reading
1587851141554236062,,1,,1587851141,552265882,'',"""celsius""",1.75384616852,727.254333496
1587851142553709812,,2,,1587851142,551527023,'',"""celsius""",1.75340664387,727.037841797
1587851143554567437,,3,,1587851143,553006887,'',"""celsius""",1.75208795071,726.388305664
1587851144554640229,,4,,1587851144,552561998,'',"""celsius""",1.75252747536,726.604858398
1587851145554319104,,5,,1587851145,552366018,'',"""celsius""",1.75296700001,726.821350098
1587851146553729687,,6,,1587851146,551465034,'',"""celsius""",1.75252747536,726.604858398
1587851147557434896,,7,,1587851147,555049896,'',"""celsius""",1.74901103973,724.872436523
1587851148555609396,,8,,1587851148,553951978,'',"""celsius""",1.75296700001,726.821350098
1587851149554585813,,9,,1587851149,552337884,'',"""celsius""",1.75208795071,726.388305664
1587851150554110229,,10,,1587851150,551759958,'',"""celsius""",1.75208795071,726.388305664
1587851151555356146,,11,,1587851151,553339004,'',"""celsius""",1.75252747536,726.604858398
1587851152555742355,,12,,1587851152,551565885,'',"""celsius""",1.75164830685,726.171813965
1587851153554150396,,13,,1587851153,551433086,'',"""celsius""",1.75296700001,726.821350098
1587851154553451855,,14,,1587851154,550915956,'',"""celsius""",1.7512087822,725.95526123
1587851155554708355,,15,,1587851155,551518917,'',"""celsius""",1.7512087822,725.95526123
1587851156554213813,,16,,1587851156,551681995,'',"""celsius""",1.75252747536,726.604858398
1587851157554597147,,17,,1587851157,552844047,'',"""celsius""",1.74945056438,725.088989258
1587851158553498064,,18,,1587851158,551479101,'',"""celsius""",1.74945056438,725.088989258
1587851159553795689,,19,,1587851159,551410913,'',"""celsius""",1.74857139587,724.655822754
1587851160554048730,,20,,1587851160,551727056,'',"""celsius""",1.74989008904,725.305603027
1587851161555760981,,21,,1587851161,554147958,'',"""celsius""",1.75252747536,726.604858398
1587851162554702814,,22,,1587851162,551740884,'',"""celsius""",1.74901103973,724.872436523
1587851163553961398,,23,,1587851163,551764011,'',"""celsius""",1.74945056438,725.088989258
1587851164554016314,,24,,1587851164,551639080,'',"""celsius""",1.74989008904,725.305603027
1587851165554242106,,25,,1587851165,552645921,'',"""celsius""",1.75032973289,725.522155762
1587851166555585690,,26,,1587851166,553621053,'',"""celsius""",1.75252747536,726.604858398
1587851167554924023,,27,,1587851167,551549911,'',"""celsius""",1.75032973289,725.522155762
1587851168555067898,,28,,1587851168,551784992,'',"""celsius""",1.75076925755,725.738708496
1587851169557208648,,29,,1587851169,552885055,'',"""celsius""",1.75252747536,726.604858398
1587851170557870607,,30,,1587851170,553905010,'',"""celsius""",1.75252747536,726.604858398
1587851171555758398,,31,,1587851171,551537990,'',"""celsius""",1.75076925755,725.738708496
1587851172553780315,,32,,1587851172,551019906,'',"""celsius""",1.75076925755,725.738708496
1587851173557792774,,33,,1587851173,555591106,'',"""celsius""",1.75252747536,726.604858398
1587851174561541357,,34,,1587851174,558897972,'',"""celsius""",1.75472521782,727.687316895
1587851175554047524,,35,,1587851175,552340030,'',"""celsius""",1.75296700001,726.821350098
1587851176555757941,,36,,1587851176,554157018,'',"""celsius""",1.75340664387,727.037841797
1587851177557264066,,37,,1587851177,555461883,'',"""celsius""",1.75296700001,726.821350098
1587851178557148483,,38,,1587851178,553555965,'',"""celsius""",1.75340664387,727.037841797
1587851179555056233,,39,,1587851179,551490068,'',"""celsius""",1.75296700001,726.821350098
1587851180553665483,,40,,1587851180,551130056,'',"""celsius""",1.75296700001,726.821350098
1587851181553708691,,41,,1587851181,551492929,'',"""celsius""",1.75252747536,726.604858398
1587851182556317525,,42,,1587851182,554476976,'',"""celsius""",1.75384616852,727.254333496
1587851183554384275,,43,,1587851183,552252054,'',"""celsius""",1.75208795071,726.388305664
1587851184553952358,,44,,1587851184,550973892,'',"""celsius""",1.75208795071,726.388305664
1587851185555722150,,45,,1587851185,552932024,'',"""celsius""",1.75208795071,726.388305664
1587851186557796484,,46,,1587851186,554949998,'',"""celsius""",1.75340664387,727.037841797
1587851187571163484,,47,,1587851187,566303014,'',"""celsius""",1.75076925755,725.738708496
1587851188553055734,,48,,1587851188,550894021,'',"""celsius""",1.75208795071,726.388305664
1587851189554328192,,49,,1587851189,552496910,'',"""celsius""",1.75296700001,726.821350098
1587851190554230776,,50,,1587851190,552225112,'',"""celsius""",1.75384616852,727.254333496
1587851191554108609,,51,,1587851191,551512956,'',"""celsius""",1.75296700001,726.821350098
1587851192555752318,,52,,1587851192,553985118,'',"""celsius""",1.75296700001,726.821350098
1587851193555787193,,53,,1587851193,552753925,'',"""celsius""",1.75296700001,726.821350098
1587851194553229193,,54,,1587851194,551413059,'',"""celsius""",1.75296700001,726.821350098
1587851195555543276,,55,,1587851195,553514957,'',"""celsius""",1.75252747536,726.604858398
1587851196555030776,,56,,1587851196,553371906,'',"""celsius""",1.75384616852,727.254333496
1587851197554239985,,57,,1587851197,552536964,'',"""celsius""",1.75252747536,726.604858398
1587851198558128527,,58,,1587851198,556504964,'',"""celsius""",1.75516486168,727.903747559
1587851199555026818,,59,,1587851199,553423881,'',"""celsius""",1.75252747536,726.604858398
1587851200553966902,,60,,1587851200,551541090,'',"""celsius""",1.7512087822,725.95526123
1587851201555409735,,61,,1587851201,553221940,'',"""celsius""",1.75252747536,726.604858398
1587851202554648444,,62,,1587851202,552028894,'',"""celsius""",1.75208795071,726.388305664
1587851203553881527,,63,,1587851203,551573038,'',"""celsius""",1.75076925755,725.738708496
1587851204553859402,,64,,1587851204,551630973,'',"""celsius""",1.75252747536,726.604858398
1587851205553703069,,65,,1587851205,551336050,'',"""celsius""",1.75164830685,726.171813965
1587851206553297319,,66,,1587851206,551420927,'',"""celsius""",1.7512087822,725.95526123
1587851207555746653,,67,,1587851207,553925991,'',"""celsius""",1.75252747536,726.604858398
1587851208554514486,,68,,1587851208,552711009,'',"""celsius""",1.75252747536,726.604858398
1587851209554610611,,69,,1587851209,551552057,'',"""celsius""",1.75164830685,726.171813965
1587851210554266236,,70,,1587851210,552671909,'',"""celsius""",1.75252747536,726.604858398
1587851211553888112,,71,,1587851211,551388978,'',"""celsius""",1.75208795071,726.388305664
1587851212555442987,,72,,1587851212,553592920,'',"""celsius""",1.75252747536,726.604858398
1587851213553684153,,73,,1587851213,551538944,'',"""celsius""",1.75164830685,726.171813965
1587851214554941820,,74,,1587851214,552915096,'',"""celsius""",1.75252747536,726.604858398
1587851215554903862,,75,,1587851215,552943944,'',"""celsius""",1.75252747536,726.604858398
1587851216558461654,,76,,1587851216,554907083,'',"""celsius""",1.75252747536,726.604858398
1587851217555261571,,77,,1587851217,551731109,'',"""celsius""",1.75252747536,726.604858398
1587851218554013029,,78,,1587851218,551580905,'',"""celsius""",1.75252747536,726.604858398
1587851219554145196,,79,,1587851219,552530050,'',"""celsius""",1.75076925755,725.738708496
1587851220558148196,,80,,1587851220,556516885,'',"""celsius""",1.75296700001,726.821350098
1587851221554861821,,81,,1587851221,552284002,'',"""celsius""",1.75164830685,726.171813965
1587851222553640405,,82,,1587851222,552007913,'',"""celsius""",1.75164830685,726.171813965
1587851223553617863,,83,,1587851223,551232099,'',"""celsius""",1.75208795071,726.388305664
1587851224553736571,,84,,1587851224,551621913,'',"""celsius""",1.75208795071,726.388305664
1587851225553718822,,85,,1587851225,551517009,'',"""celsius""",1.75032973289,725.522155762
1587851226555735322,,86,,1587851226,553463935,'',"""celsius""",1.75296700001,726.821350098
1587851227555434988,,87,,1587851227,553339004,'',"""celsius""",1.75340664387,727.037841797
1587851228553386864,,88,,1587851228,551464080,'',"""celsius""",1.75208795071,726.388305664
1587851229559118905,,89,,1587851229,553550004,'',"""celsius""",1.75164830685,726.171813965
1587851230553601031,,90,,1587851230,551318883,'',"""celsius""",1.75252747536,726.604858398
1587851231554710864,,91,,1587851231,552613973,'',"""celsius""",1.75208795071,726.388305664
1587851232553982156,,92,,1587851232,551474094,'',"""celsius""",1.75208795071,726.388305664
1587851233554592448,,93,,1587851233,552172899,'',"""celsius""",1.75252747536,726.604858398
1587851234554125239,,94,,1587851234,552546977,'',"""celsius""",1.75340664387,727.037841797
1587851235554381073,,95,,1587851235,552723884,'',"""celsius""",1.75252747536,726.604858398
1587851236553854156,,96,,1587851236,551496982,'',"""celsius""",1.75252747536,726.604858398
1587851237554000531,,97,,1587851237,552330017,'',"""celsius""",1.75252747536,726.604858398
1587851238554369948,,98,,1587851238,552505016,'',"""celsius""",1.75340664387,727.037841797
1587851239553881698,,99,,1587851239,551470994,'',"""celsius""",1.75296700001,726.821350098
1587851240553638865,,100,,1587851240,551477909,'',"""celsius""",1.75340664387,727.037841797
1587851241554644740,,101,,1587851241,551070928,'',"""celsius""",1.75164830685,726.171813965
1587851242553375990,,102,,1587851242,551100969,'',"""celsius""",1.75384616852,727.254333496
1587851243553615615,,103,,1587851243,551203012,'',"""celsius""",1.75340664387,727.037841797
1587851244554109491,,104,,1587851244,551711082,'',"""celsius""",1.75384616852,727.254333496
1587851245555639116,,105,,1587851245,553747892,'',"""celsius""",1.75472521782,727.687316895
1587851246553923699,,106,,1587851246,551448106,'',"""celsius""",1.75340664387,727.037841797
1587851247554933824,,107,,1587851247,551501989,'',"""celsius""",1.75340664387,727.037841797
1587851248555116241,,108,,1587851248,551636934,'',"""celsius""",1.75296700001,726.821350098
1587851249553483158,,109,,1587851249,551146984,'',"""celsius""",1.75296700001,726.821350098
1587851250553569908,,110,,1587851250,551645040,'',"""celsius""",1.75428569317,727.470825195
1587851251556225200,,111,,1587851251,554480075,'',"""celsius""",1.75516486168,727.903747559
1587851252554181241,,112,,1587851252,552355051,'',"""celsius""",1.75516486168,727.903747559
1587851253570673742,,113,,1587851253,566688060,'',"""celsius""",1.75164830685,726.171813965
1587851254554531117,,114,,1587851254,551521062,'',"""celsius""",1.75604391098,728.336669922
1587851255553460825,,115,,1587851255,551604986,'',"""celsius""",1.75648355484,728.553100586
1587851256554264117,,116,,1587851256,551569938,'',"""celsius""",1.75604391098,728.336669922
1587851257554328909,,117,,1587851257,551700115,'',"""celsius""",1.75648355484,728.553100586
1587851258554785784,,118,,1587851258,552561998,'',"""celsius""",1.75604391098,728.336669922
1587851259553353201,,119,,1587851259,550703048,'',"""celsius""",1.75560438633,728.120239258
1587851260553602326,,120,,1587851260,551028966,'',"""celsius""",1.75692307949,728.76953125
1587851261552744201,,121,,1587851261,550621032,'',"""celsius""",1.75604391098,728.336669922
1587851262553696701,,122,,1587851262,551418066,'',"""celsius""",1.75516486168,727.903747559
1587851263554047118,,123,,1587851263,551511049,'',"""celsius""",1.75472521782,727.687316895
1587851264554299951,,124,,1587851264,552408933,'',"""celsius""",1.75472521782,727.687316895
1587851265556540910,,125,,1587851265,553271055,'',"""celsius""",1.75428569317,727.470825195
1587851266556142201,,126,,1587851266,551403999,'',"""celsius""",1.75472521782,727.687316895
1587851267554053993,,127,,1587851267,551764011,'',"""celsius""",1.75428569317,727.470825195
1587851268553829410,,128,,1587851268,552164077,'',"""celsius""",1.75516486168,727.903747559
1587851269553787702,,129,,1587851269,552128076,'',"""celsius""",1.75384616852,727.254333496
1587851270553653369,,130,,1587851270,552014112,'',"""celsius""",1.75516486168,727.903747559
1587851271559736285,,131,,1587851271,556833028,'',"""celsius""",1.75032973289,725.522155762
1587851272553464869,,132,,1587851272,551340103,'',"""celsius""",1.75428569317,727.470825195
1587851273554667952,,133,,1587851273,552758932,'',"""celsius""",1.75296700001,726.821350098
1587851274554080869,,134,,1587851274,550698995,'',"""celsius""",1.75516486168,727.903747559
1587851275553148994,,135,,1587851275,551196098,'',"""celsius""",1.75516486168,727.903747559
1587851276553601578,,136,,1587851276,551382064,'',"""celsius""",1.75516486168,727.903747559
1587851277553994328,,137,,1587851277,551441907,'',"""celsius""",1.75384616852,727.254333496
1587851278554296286,,138,,1587851278,552558898,'',"""celsius""",1.75340664387,727.037841797
1587851279553465203,,139,,1587851279,551301002,'',"""celsius""",1.75384616852,727.254333496
1587851280554583995,,140,,1587851280,551680088,'',"""celsius""",1.75384616852,727.254333496
1587851281554178078,,141,,1587851281,552309989,'',"""celsius""",1.75296700001,726.821350098
1587851282554025620,,142,,1587851282,551726102,'',"""celsius""",1.75340664387,727.037841797
1587851283555709953,,143,,1587851283,552680015,'',"""celsius""",1.75208795071,726.388305664
1587851284556149495,,144,,1587851284,551515102,'',"""celsius""",1.75296700001,726.821350098
1587851285556543287,,145,,1587851285,553626060,'',"""celsius""",1.75208795071,726.388305664
1587851286555434412,,146,,1587851286,553311109,'',"""celsius""",1.7512087822,725.95526123
1587851287556625162,,147,,1587851287,554517030,'',"""celsius""",1.75164830685,726.171813965
1587851288553717871,,148,,1587851288,552054882,'',"""celsius""",1.75252747536,726.604858398
1587851289559667371,,149,,1587851289,556685924,'',"""celsius""",1.74857139587,724.655822754
1587851290555264079,,150,,1587851290,553020954,'',"""celsius""",1.75296700001,726.821350098
1587851291554390621,,151,,1587851291,552268028,'',"""celsius""",1.7512087822,725.95526123
1587851292554495996,,152,,1587851292,551659107,'',"""celsius""",1.75208795071,726.388305664
1587851293553860955,,153,,1587851293,551484107,'',"""celsius""",1.7512087822,725.95526123
1587851294553871121,,154,,1587851294,552069902,'',"""celsius""",1.75208795071,726.388305664
1587851295556191080,,155,,1587851295,552572965,'',"""celsius""",1.75076925755,725.738708496
1587851296556009788,,156,,1587851296,553550958,'',"""celsius""",1.75076925755,725.738708496
1587851297553085580,,157,,1587851297,551002979,'',"""celsius""",1.75164830685,726.171813965
1587851298553837914,,158,,1587851298,552033901,'',"""celsius""",1.74989008904,725.305603027
1587851299553543580,,159,,1587851299,551299095,'',"""celsius""",1.74901103973,724.872436523
1587851300553552164,,160,,1587851300,551516056,'',"""celsius""",1.74945056438,725.088989258
1587851301553628247,,161,,1587851301,551776885,'',"""celsius""",1.74901103973,724.872436523
1587851302553395331,,162,,1587851302,551482915,'',"""celsius""",1.74989008904,725.305603027
1587851303553292456,,163,,1587851303,551177978,'',"""celsius""",1.74901103973,724.872436523
1587851304553953956,,164,,1587851304,551500082,'',"""celsius""",1.74989008904,725.305603027
1587851305553569581,,165,,1587851305,551572084,'',"""celsius""",1.75032973289,725.522155762
1587851306553602498,,166,,1587851306,551440954,'',"""celsius""",1.75032973289,725.522155762
1587851307554203540,,167,,1587851307,551642894,'',"""celsius""",1.74989008904,725.305603027
1587851308554327456,,168,,1587851308,552675008,'',"""celsius""",1.7512087822,725.95526123
1587851309556506415,,169,,1587851309,554580926,'',"""celsius""",1.75384616852,727.254333496
1587851310553928748,,170,,1587851310,552088975,'',"""celsius""",1.75252747536,726.604858398
1587851311553948165,,171,,1587851311,551498889,'',"""celsius""",1.7512087822,725.95526123
1587851312554104165,,172,,1587851312,552056074,'',"""celsius""",1.75252747536,726.604858398
1587851313555189582,,173,,1587851313,553561925,'',"""celsius""",1.75252747536,726.604858398
1587851314553798999,,174,,1587851314,551479101,'',"""celsius""",1.75252747536,726.604858398
1587851315556081999,,175,,1587851315,553587913,'',"""celsius""",1.75340664387,727.037841797
1587851316553855332,,176,,1587851316,551501989,'',"""celsius""",1.75208795071,726.388305664
1587851317558684333,,177,,1587851317,556926965,'',"""celsius""",1.75516486168,727.903747559
1587851318553982208,,178,,1587851318,551459074,'',"""celsius""",1.75384616852,727.254333496
1587851319555485166,,179,,1587851319,553546905,'',"""celsius""",1.75384616852,727.254333496
1587851320553608708,,180,,1587851320,551455020,'',"""celsius""",1.75252747536,726.604858398
1587851321554043666,,181,,1587851321,551613092,'',"""celsius""",1.75296700001,726.821350098
1587851322554102791,,182,,1587851322,551764011,'',"""celsius""",1.75252747536,726.604858398
1587851323553623750,,183,,1587851323,551664113,'',"""celsius""",1.75340664387,727.037841797
1587851324554207083,,184,,1587851324,552546977,'',"""celsius""",1.75296700001,726.821350098
1587851325556043083,,185,,1587851325,553699970,'',"""celsius""",1.75516486168,727.903747559
1587851326552515375,,186,,1587851326,550785064,'',"""celsius""",1.75296700001,726.821350098
1587851327558050375,,187,,1587851327,556191921,'',"""celsius""",1.75428569317,727.470825195
1587851328554377292,,188,,1587851328,552797079,'',"""celsius""",1.75384616852,727.254333496
1587851329555267001,,189,,1587851329,553163051,'',"""celsius""",1.75340664387,727.037841797
1587851330553716126,,190,,1587851330,551681041,'',"""celsius""",1.75340664387,727.037841797
1587851331554061709,,191,,1587851331,551485061,'',"""celsius""",1.75340664387,727.037841797
1587851332555370668,,192,,1587851332,553253889,'',"""celsius""",1.75516486168,727.903747559
1587851333555121043,,193,,1587851333,551501989,'',"""celsius""",1.75516486168,727.903747559
1587851334556476543,,194,,1587851334,551466941,'',"""celsius""",1.75516486168,727.903747559
1587851335554101335,,195,,1587851335,552525997,'',"""celsius""",1.75560438633,728.120239258
1587851336556187543,,196,,1587851336,553019046,'',"""celsius""",1.75604391098,728.336669922
1587851337554633710,,197,,1587851337,551281929,'',"""celsius""",1.75516486168,727.903747559
1587851338554235127,,198,,1587851338,551776885,'',"""celsius""",1.75560438633,728.120239258
1587851339553871377,,199,,1587851339,551398038,'',"""celsius""",1.75604391098,728.336669922
1587851340554178210,,200,,1587851340,551687002,'',"""celsius""",1.75604391098,728.336669922
1587851341558360960,,201,,1587851341,556771993,'',"""celsius""",1.75208795071,726.388305664
1587851342554004086,,202,,1587851342,552369117,'',"""celsius""",1.75516486168,727.903747559
1587851343555392877,,203,,1587851343,553484916,'',"""celsius""",1.7512087822,725.95526123
1587851344553758877,,204,,1587851344,551567077,'',"""celsius""",1.75472521782,727.687316895
1587851345553108419,,205,,1587851345,551003932,'',"""celsius""",1.75296700001,726.821350098
1587851346553587253,,206,,1587851346,551475048,'',"""celsius""",1.75428569317,727.470825195
1587851347553419044,,207,,1587851347,551579952,'',"""celsius""",1.75164830685,726.171813965
1587851348553527836,,208,,1587851348,551439046,'',"""celsius""",1.75252747536,726.604858398
1587851349553074711,,209,,1587851349,551096916,'',"""celsius""",1.75296700001,726.821350098
1587851350553676295,,210,,1587851350,551465034,'',"""celsius""",1.75296700001,726.821350098
1587851351554430670,,211,,1587851351,552536010,'',"""celsius""",1.7512087822,725.95526123
1587851352554438712,,212,,1587851352,552102088,'',"""celsius""",1.75208795071,726.388305664
1587851353553232879,,213,,1587851353,551237106,'',"""celsius""",1.75208795071,726.388305664
1587851354554026545,,214,,1587851354,551546096,'',"""celsius""",1.75252747536,726.604858398
1587851355556330920,,215,,1587851355,554637908,'',"""celsius""",1.74945056438,725.088989258
1587851356554138421,,216,,1587851356,551527976,'',"""celsius""",1.75208795071,726.388305664
1587851357555617254,,217,,1587851357,553632020,'',"""celsius""",1.75076925755,725.738708496
1587851358555185671,,218,,1587851358,552999019,'',"""celsius""",1.74901103973,724.872436523
1587851359554177421,,219,,1587851359,552464008,'',"""celsius""",1.75252747536,726.604858398
1587851360554012963,,220,,1587851360,551986932,'',"""celsius""",1.74901103973,724.872436523
1587851361554750588,,221,,1587851361,552793979,'',"""celsius""",1.75076925755,725.738708496
1587851362554228755,,222,,1587851362,552633047,'',"""celsius""",1.74945056438,725.088989258
1587851363554445130,,223,,1587851363,552840948,'',"""celsius""",1.74945056438,725.088989258
1587851364554929171,,224,,1587851364,553328037,'',"""celsius""",1.74945056438,725.088989258
1587851365554838088,,225,,1587851365,552608013,'',"""celsius""",1.74945056438,725.088989258
1587851366554160297,,226,,1587851366,551711082,'',"""celsius""",1.74989008904,725.305603027
1587851367553545630,,227,,1587851367,551449060,'',"""celsius""",1.74989008904,725.305603027
1587851368553457422,,228,,1587851368,551637887,'',"""celsius""",1.74901103973,724.872436523
1587851369554507505,,229,,1587851369,552839040,'',"""celsius""",1.75032973289,725.522155762
1587851370556869631,,230,,1587851370,554999113,'',"""celsius""",1.75208795071,726.388305664
1587851371554767047,,231,,1587851371,552768945,'',"""celsius""",1.75076925755,725.738708496
1587851372555556714,,232,,1587851372,553484916,'',"""celsius""",1.75208795071,726.388305664
1587851373557057756,,233,,1587851373,554701089,'',"""celsius""",1.75208795071,726.388305664
1587851374554665881,,234,,1587851374,551152944,'',"""celsius""",1.7512087822,725.95526123
1587851375554625506,,235,,1587851375,551686048,'',"""celsius""",1.75252747536,726.604858398
1587851376553914965,,236,,1587851376,552300930,'',"""celsius""",1.7512087822,725.95526123
1587851377554574506,,237,,1587851377,552460908,'',"""celsius""",1.75208795071,726.388305664
1587851378555998673,,238,,1587851378,554075956,'',"""celsius""",1.75252747536,726.604858398
1587851379553729257,,239,,1587851379,551234006,'',"""celsius""",1.75164830685,726.171813965
1587851380553647507,,240,,1587851380,551774024,'',"""celsius""",1.75252747536,726.604858398
1587851381556054465,,241,,1587851381,552171945,'',"""celsius""",1.75252747536,726.604858398
1587851382554625090,,242,,1587851382,552510976,'',"""celsius""",1.7512087822,725.95526123
1587851383554146965,,243,,1587851383,551497936,'',"""celsius""",1.75296700001,726.821350098
1587851384552822591,,244,,1587851384,550793886,'',"""celsius""",1.75252747536,726.604858398
1587851385553840216,,245,,1587851385,551508903,'',"""celsius""",1.75296700001,726.821350098
1587851386554078716,,246,,1587851386,552278995,'',"""celsius""",1.75252747536,726.604858398
1587851387554183924,,247,,1587851387,552464962,'',"""celsius""",1.75252747536,726.604858398
1587851388554081799,,248,,1587851388,551476001,'',"""celsius""",1.75296700001,726.821350098
1587851389553954758,,249,,1587851389,551088094,'',"""celsius""",1.75296700001,726.821350098
1587851390553935925,,250,,1587851390,552100896,'',"""celsius""",1.75208795071,726.388305664
1587851391554225841,,251,,1587851391,551686048,'',"""celsius""",1.75384616852,727.254333496
1587851392555757966,,252,,1587851392,553569078,'',"""celsius""",1.75252747536,726.604858398
1587851393554358800,,253,,1587851393,552479982,'',"""celsius""",1.75296700001,726.821350098
1587851394555083258,,254,,1587851394,552854061,'',"""celsius""",1.75296700001,726.821350098
1587851395553705384,,255,,1587851395,551335096,'',"""celsius""",1.75252747536,726.604858398
1587851396556634092,,256,,1587851396,554188013,'',"""celsius""",1.75472521782,727.687316895
1587851397554014550,,257,,1587851397,552407979,'',"""celsius""",1.75340664387,727.037841797
1587851398553204051,,258,,1587851398,551393032,'',"""celsius""",1.75296700001,726.821350098
1587851399554750801,,259,,1587851399,553081035,'',"""celsius""",1.75340664387,727.037841797
1587851400553439342,,260,,1587851400,551393032,'',"""celsius""",1.75208795071,726.388305664
1587851401555609426,,261,,1587851401,553494930,'',"""celsius""",1.75340664387,727.037841797
1587851402554663593,,262,,1587851402,552859067,'',"""celsius""",1.75340664387,727.037841797
1587851403553135468,,263,,1587851403,551162958,'',"""celsius""",1.75340664387,727.037841797
1587851404553699885,,264,,1587851404,551445007,'',"""celsius""",1.75208795071,726.388305664
1587851405554938593,,265,,1587851405,551182985,'',"""celsius""",1.75340664387,727.037841797
1587851406554096343,,266,,1587851406,551474094,'',"""celsius""",1.75252747536,726.604858398
1587851407554417093,,267,,1587851407,552356004,'',"""celsius""",1.75296700001,726.821350098
1587851408554020010,,268,,1587851408,551714897,'',"""celsius""",1.75252747536,726.604858398
1587851409554193635,,269,,1587851409,552475929,'',"""celsius""",1.75252747536,726.604858398
1587851410553600135,,270,,1587851410,551979064,'',"""celsius""",1.75340664387,727.037841797
1587851411554077302,,271,,1587851411,550992012,'',"""celsius""",1.75340664387,727.037841797
1587851412558059261,,272,,1587851412,556412935,'',"""celsius""",1.75648355484,728.553100586
1587851413556032719,,273,,1587851413,554047107,'',"""celsius""",1.75384616852,727.254333496
1587851414557436802,,274,,1587851414,551502943,'',"""celsius""",1.75296700001,726.821350098
1587851415559376886,,275,,1587851415,553060054,'',"""celsius""",1.75340664387,727.037841797
1587851416554968094,,276,,1587851416,551464080,'',"""celsius""",1.75252747536,726.604858398
1587851417553617094,,277,,1587851417,551743030,'',"""celsius""",1.75252747536,726.604858398
1587851418554375178,,278,,1587851418,552694082,'',"""celsius""",1.75208795071,726.388305664
1587851419556375845,,279,,1587851419,554538011,'',"""celsius""",1.75296700001,726.821350098
1587851420554749928,,280,,1587851420,552745103,'',"""celsius""",1.75340664387,727.037841797
1587851421554304720,,281,,1587851421,552556991,'',"""celsius""",1.75252747536,726.604858398
1587851422554686303,,282,,1587851422,551611900,'',"""celsius""",1.75164830685,726.171813965
1587851423555921137,,283,,1587851423,552442073,'',"""celsius""",1.75252747536,726.604858398
1587851424553610970,,284,,1587851424,551424026,'',"""celsius""",1.75252747536,726.604858398
1587851425556760845,,285,,1587851425,553422927,'',"""celsius""",1.75252747536,726.604858398
1587851426555378304,,286,,1587851426,553009986,'',"""celsius""",1.75384616852,727.254333496
1587851427556259804,,287,,1587851427,554212093,'',"""celsius""",1.75340664387,727.037841797
1587851428554907137,,288,,1587851428,551424980,'',"""celsius""",1.75296700001,726.821350098
1587851429553961596,,289,,1587851429,552340030,'',"""celsius""",1.75296700001,726.821350098
1587851430555195971,,290,,1587851430,551529884,'',"""celsius""",1.75208795071,726.388305664
1587851431554783513,,291,,1587851431,552342891,'',"""celsius""",1.75296700001,726.821350098
1587851432554019638,,292,,1587851432,551743030,'',"""celsius""",1.75340664387,727.037841797
1587851433553340763,,293,,1587851433,551460981,'',"""celsius""",1.75296700001,726.821350098
1587851434556654305,,294,,1587851434,554210901,'',"""celsius""",1.75560438633,728.120239258
1587851435553114222,,295,,1587851435,551107883,'',"""celsius""",1.75208795071,726.388305664
1587851436554190013,,296,,1587851436,552596092,'',"""celsius""",1.75296700001,726.821350098
1587851437556074930,,297,,1587851437,554212093,'',"""celsius""",1.75604391098,728.336669922
1587851438555193055,,298,,1587851438,553325891,'',"""celsius""",1.75340664387,727.037841797
1587851439555924597,,299,,1587851439,551227092,'',"""celsius""",1.75252747536,726.604858398
1587851440554927639,,300,,1587851440,552759885,'',"""celsius""",1.75428569317,727.470825195
1587851441553673347,,301,,1587851441,552110910,'',"""celsius""",1.75428569317,727.470825195
1587851442554285097,,302,,1587851442,552428007,'',"""celsius""",1.75516486168,727.903747559
1587851443553964348,,303,,1587851443,551640033,'',"""celsius""",1.75472521782,727.687316895
1587851444554549598,,304,,1587851444,552707910,'',"""celsius""",1.75560438633,728.120239258
1587851445553520389,,305,,1587851445,551433086,'',"""celsius""",1.75648355484,728.553100586
1587851446554047223,,306,,1587851446,552397966,'',"""celsius""",1.75516486168,727.903747559
1587851447554942098,,307,,1587851447,553128004,'',"""celsius""",1.75648355484,728.553100586
1587851448554786181,,308,,1587851448,551568984,'',"""celsius""",1.75516486168,727.903747559
1587851449554018557,,309,,1587851449,552366971,'',"""celsius""",1.75692307949,728.76953125
1587851450554807765,,310,,1587851450,551506996,'',"""celsius""",1.75472521782,727.687316895
1587851451553918474,,311,,1587851451,551532983,'',"""celsius""",1.75472521782,727.687316895
1587851452553746432,,312,,1587851452,551287889,'',"""celsius""",1.75340664387,727.037841797
1587851453554491015,,313,,1587851453,552570104,'',"""celsius""",1.75252747536,726.604858398
1587851454554006432,,314,,1587851454,551497936,'',"""celsius""",1.75384616852,727.254333496
1587851455554814057,,315,,1587851455,552918910,'',"""celsius""",1.75296700001,726.821350098
1587851456553974849,,316,,1587851456,551472902,'',"""celsius""",1.75252747536,726.604858398
1587851457555207516,,317,,1587851457,553426027,'',"""celsius""",1.75208795071,726.388305664
1587851458553664558,,318,,1587851458,550709962,'',"""celsius""",1.75208795071,726.388305664
1587851459553673891,,319,,1587851459,551021099,'',"""celsius""",1.7512087822,725.95526123
1587851460554505933,,320,,1587851460,552635908,'',"""celsius""",1.75208795071,726.388305664
1587851461553693100,,321,,1587851461,551639080,'',"""celsius""",1.7512087822,725.95526123
1587851462554426975,,322,,1587851462,552795886,'',"""celsius""",1.75164830685,726.171813965
1587851463555552183,,323,,1587851463,553603887,'',"""celsius""",1.74989008904,725.305603027
1587851464553817933,,324,,1587851464,551425933,'',"""celsius""",1.75208795071,726.388305664
1587851465557683892,,325,,1587851465,555984973,'',"""celsius""",1.75164830685,726.171813965
1587851466553611767,,326,,1587851466,551574945,'',"""celsius""",1.74945056438,725.088989258
1587851467553693600,,327,,1587851467,552042007,'',"""celsius""",1.75032973289,725.522155762
1587851468556544892,,328,,1587851468,553037881,'',"""celsius""",1.75076925755,725.738708496
1587851469553367267,,329,,1587851469,551501035,'',"""celsius""",1.74989008904,725.305603027
1587851470553414934,,330,,1587851470,551527976,'',"""celsius""",1.74945056438,725.088989258
1587851471556491018,,331,,1587851471,554495096,'',"""celsius""",1.75208795071,726.388305664
1587851472553395601,,332,,1587851472,551378011,'',"""celsius""",1.7512087822,725.95526123
1587851473553940143,,333,,1587851473,552257061,'',"""celsius""",1.75076925755,725.738708496
1587851474556575851,,334,,1587851474,552495002,'',"""celsius""",1.7512087822,725.95526123
1587851475554843893,,335,,1587851475,552167892,'',"""celsius""",1.75076925755,725.738708496
1587851476553284101,,336,,1587851476,551134109,'',"""celsius""",1.7512087822,725.95526123
1587851477555776602,,337,,1587851477,553832054,'',"""celsius""",1.75252747536,726.604858398
1587851478554469143,,338,,1587851478,551417112,'',"""celsius""",1.75076925755,725.738708496
1587851479555364852,,339,,1587851479,552427053,'',"""celsius""",1.75208795071,726.388305664
1587851480553582394,,340,,1587851480,551227092,'',"""celsius""",1.75164830685,726.171813965
1587851481553658185,,341,,1587851481,550959110,'',"""celsius""",1.75032973289,725.522155762
1587851482554394061,,342,,1587851482,552279949,'',"""celsius""",1.75252747536,726.604858398
1587851483554648769,,343,,1587851483,552864074,'',"""celsius""",1.75208795071,726.388305664
1587851484553578644,,344,,1587851484,550936937,'',"""celsius""",1.7512087822,725.95526123
1587851485555163353,,345,,1587851485,550529003,'',"""celsius""",1.75076925755,725.738708496
1587851486554165353,,346,,1587851486,550896883,'',"""celsius""",1.75208795071,726.388305664
1587851487554512811,,347,,1587851487,552402019,'',"""celsius""",1.75208795071,726.388305664
1587851488553989603,,348,,1587851488,552172899,'',"""celsius""",1.75296700001,726.821350098
1587851489554202936,,349,,1587851489,552547931,'',"""celsius""",1.75384616852,727.254333496
1587851490554246270,,350,,1587851490,552412033,'',"""celsius""",1.75384616852,727.254333496
1587851491557276853,,351,,1587851491,555418014,'',"""celsius""",1.75340664387,727.037841797
1587851492555749145,,352,,1587851492,554164886,'',"""celsius""",1.75340664387,727.037841797
1587851493554373520,,353,,1587851493,551609039,'',"""celsius""",1.75296700001,726.821350098
1587851494553930312,,354,,1587851494,550878047,'',"""celsius""",1.75252747536,726.604858398
1587851495554578645,,355,,1587851495,551678895,'',"""celsius""",1.75384616852,727.254333496
1587851496554249104,,356,,1587851496,552398920,'',"""celsius""",1.75296700001,726.821350098
1587851497554129604,,357,,1587851497,552442073,'',"""celsius""",1.75384616852,727.254333496
1587851498554183604,,358,,1587851498,552530050,'',"""celsius""",1.75296700001,726.821350098
1587851499554713479,,359,,1587851499,552335023,'',"""celsius""",1.75296700001,726.821350098
1587851500555039771,,360,,1587851500,552747964,'',"""celsius""",1.75296700001,726.821350098
1587851501553825229,,361,,1587851501,551764965,'',"""celsius""",1.75428569317,727.470825195
1587851502553807938,,362,,1587851502,551747083,'',"""celsius""",1.75340664387,727.037841797
1587851503556549980,,363,,1587851503,554862976,'',"""celsius""",1.75648355484,728.553100586
1587851504554811230,,364,,1587851504,552887916,'',"""celsius""",1.75296700001,726.821350098
1587851505553518938,,365,,1587851505,550997972,'',"""celsius""",1.75252747536,726.604858398
1587851506554066813,,366,,1587851506,551117897,'',"""celsius""",1.75296700001,726.821350098
1587851507554104189,,367,,1587851507,551580905,'',"""celsius""",1.75296700001,726.821350098
1587851508554839105,,368,,1587851508,552967071,'',"""celsius""",1.75472521782,727.687316895
1587851509554042480,,369,,1587851509,552429914,'',"""celsius""",1.75428569317,727.470825195
1587851510554932939,,370,,1587851510,553215980,'',"""celsius""",1.75384616852,727.254333496
1587851511555691314,,371,,1587851511,554030895,'',"""celsius""",1.75692307949,728.76953125
1587851512554649731,,372,,1587851512,552580118,'',"""celsius""",1.75560438633,728.120239258
1587851513553620606,,373,,1587851513,552017927,'',"""celsius""",1.75560438633,728.120239258
1587851514555236398,,374,,1587851514,553425073,'',"""celsius""",1.75428569317,727.470825195
1587851515554788606,,375,,1587851515,553081989,'',"""celsius""",1.75692307949,728.76953125
1587851516554553106,,376,,1587851516,552789926,'',"""celsius""",1.75516486168,727.903747559
1587851517553692023,,377,,1587851517,551464080,'',"""celsius""",1.75560438633,728.120239258
1587851518553807857,,378,,1587851518,552213907,'',"""celsius""",1.75428569317,727.470825195
1587851519553795273,,379,,1587851519,551467895,'',"""celsius""",1.75428569317,727.470825195
1587851520553527273,,380,,1587851520,551493883,'',"""celsius""",1.75428569317,727.470825195
1587851521555272815,,381,,1587851521,553204059,'',"""celsius""",1.75252747536,726.604858398
1587851522553946774,,382,,1587851522,551536083,'',"""celsius""",1.75428569317,727.470825195
1587851523556230774,,383,,1587851523,554029941,'',"""celsius""",1.75252747536,726.604858398
1587851524553970232,,384,,1587851524,552354097,'',"""celsius""",1.75384616852,727.254333496
1587851525553606274,,385,,1587851525,551511049,'',"""celsius""",1.75296700001,726.821350098
1587851526553444566,,386,,1587851526,550823926,'',"""celsius""",1.75340664387,727.037841797
1587851527554223733,,387,,1587851527,551515102,'',"""celsius""",1.75384616852,727.254333496
1587851528557709899,,388,,1587851528,556061029,'',"""celsius""",1.75164830685,726.171813965
1587851529556490191,,389,,1587851529,554184913,'',"""celsius""",1.74989008904,725.305603027
1587851530553635400,,390,,1587851530,550988912,'',"""celsius""",1.75296700001,726.821350098
1587851531554198191,,391,,1587851531,551477909,'',"""celsius""",1.75164830685,726.171813965
1587851532558091233,,392,,1587851532,556395053,'',"""celsius""",1.75252747536,726.604858398
1587851533562383400,,393,,1587851533,560426950,'',"""celsius""",1.75516486168,727.903747559
1587851534555361817,,394,,1587851534,553262948,'',"""celsius""",1.75076925755,725.738708496
1587851535555646234,,395,,1587851535,553308010,'',"""celsius""",1.75076925755,725.738708496
1587851536554969942,,396,,1587851536,551457881,'',"""celsius""",1.74989008904,725.305603027
1587851537553829734,,397,,1587851537,551562070,'',"""celsius""",1.7512087822,725.95526123
1587851538558047276,,398,,1587851538,553421020,'',"""celsius""",1.75208795071,726.388305664
1587851539557587692,,399,,1587851539,555500030,'',"""celsius""",1.75428569317,727.470825195
1587851540553504067,,400,,1587851540,551457881,'',"""celsius""",1.75076925755,725.738708496
1587851541553401984,,401,,1587851541,551440954,'',"""celsius""",1.75164830685,726.171813965
1587851542553285734,,402,,1587851542,550869941,'',"""celsius""",1.75076925755,725.738708496
1587851543553588984,,403,,1587851543,551544904,'',"""celsius""",1.75164830685,726.171813965
1587851544553974318,,404,,1587851544,551542043,'',"""celsius""",1.75252747536,726.604858398
1587851545557537276,,405,,1587851545,555682897,'',"""celsius""",1.75472521782,727.687316895
1587851546554508360,,406,,1587851546,551301002,'',"""celsius""",1.75296700001,726.821350098
1587851547555257068,,407,,1587851547,553174972,'',"""celsius""",1.75340664387,727.037841797
1587851548557625735,,408,,1587851548,554745912,'',"""celsius""",1.75428569317,727.470825195
1587851549553778027,,409,,1587851549,551767110,'',"""celsius""",1.75252747536,726.604858398
1587851550554208235,,410,,1587851550,552201986,'',"""celsius""",1.75340664387,727.037841797
1587851551559298027,,411,,1587851551,557591915,'',"""celsius""",1.75604391098,728.336669922
1587851552553358736,,412,,1587851552,551575899,'',"""celsius""",1.75384616852,727.254333496
1587851553554152319,,413,,1587851553,552011013,'',"""celsius""",1.75296700001,726.821350098
1587851554554300236,,414,,1587851554,552550077,'',"""celsius""",1.75252747536,726.604858398
1587851555554739319,,415,,1587851555,551026105,'',"""celsius""",1.75384616852,727.254333496
1587851556556665278,,416,,1587851556,554435014,'',"""celsius""",1.75648355484,728.553100586
1587851557553715403,,417,,1587851557,551522970,'',"""celsius""",1.75340664387,727.037841797
1587851558556426195,,418,,1587851558,554439067,'',"""celsius""",1.75516486168,727.903747559
1587851559556219695,,419,,1587851559,554006099,'',"""celsius""",1.75648355484,728.553100586
1587851560554832653,,420,,1587851560,553204059,'',"""celsius""",1.75516486168,727.903747559
1587851561555490362,,421,,1587851561,553132057,'',"""celsius""",1.75428569317,727.470825195
1587851562554826987,,422,,1587851562,552793025,'',"""celsius""",1.75560438633,728.120239258
1587851563554409779,,423,,1587851563,552330970,'',"""celsius""",1.75516486168,727.903747559
1587851564553682820,,424,,1587851564,551702022,'',"""celsius""",1.75516486168,727.903747559
1587851565553377987,,425,,1587851565,551384925,'',"""celsius""",1.75560438633,728.120239258
1587851566554109279,,426,,1587851566,552463054,'',"""celsius""",1.75604391098,728.336669922
1587851567555387362,,427,,1587851567,552952051,'',"""celsius""",1.75560438633,728.120239258
1587851568554139154,,428,,1587851568,551572084,'',"""celsius""",1.75604391098,728.336669922
1587851569556064279,,429,,1587851569,553977966,'',"""celsius""",1.75604391098,728.336669922
1587851570558792988,,430,,1587851570,553293943,'',"""celsius""",1.75384616852,727.254333496
1587851571555332321,,431,,1587851571,553524017,'',"""celsius""",1.75692307949,728.76953125
1587851572556183196,,432,,1587851572,553016901,'',"""celsius""",1.75604391098,728.336669922
1587851573554438655,,433,,1587851573,552743911,'',"""celsius""",1.75560438633,728.120239258
1587851574555028988,,434,,1587851574,553409099,'',"""celsius""",1.75516486168,727.903747559
1587851575553961655,,435,,1587851575,551754951,'',"""celsius""",1.75692307949,728.76953125
1587851576555472447,,436,,1587851576,553843975,'',"""celsius""",1.75560438633,728.120239258
1587851577553970905,,437,,1587851577,552360057,'',"""celsius""",1.75560438633,728.120239258
1587851578553916155,,438,,1587851578,552304983,'',"""celsius""",1.75472521782,727.687316895
1587851579553459239,,439,,1587851579,551361083,'',"""celsius""",1.75428569317,727.470825195
1587851580553904656,,440,,1587851580,551601886,'',"""celsius""",1.75428569317,727.470825195
1587851581555424739,,441,,1587851581,553492069,'',"""celsius""",1.75648355484,728.553100586
1587851582555273447,,442,,1587851582,553417921,'',"""celsius""",1.75428569317,727.470825195
1587851583553739156,,443,,1587851583,551470041,'',"""celsius""",1.75384616852,727.254333496
1587851584558014239,,444,,1587851584,556327104,'',"""celsius""",1.75648355484,728.553100586
1587851585557261239,,445,,1587851585,555066108,'',"""celsius""",1.75604391098,728.336669922
1587851586555231906,,446,,1587851586,553369045,'',"""celsius""",1.75252747536,726.604858398
1587851587555122406,,447,,1587851587,551414966,'',"""celsius""",1.75208795071,726.388305664
1587851588555321073,,448,,1587851588,552282094,'',"""celsius""",1.75164830685,726.171813965
1587851589554547948,,449,,1587851589,552859067,'',"""celsius""",1.75208795071,726.388305664
1587851590555594573,,450,,1587851590,552751064,'',"""celsius""",1.75252747536,726.604858398
1587851591555593157,,451,,1587851591,553901910,'',"""celsius""",1.75296700001,726.821350098
1587851592555296449,,452,,1587851592,553648948,'',"""celsius""",1.75208795071,726.388305664
1587851593554825865,,453,,1587851593,552717924,'',"""celsius""",1.75032973289,725.522155762
1587851594557137782,,454,,1587851594,554925918,'',"""celsius""",1.75296700001,726.821350098
1587851595557381366,,455,,1587851595,554972887,'',"""celsius""",1.75164830685,726.171813965
1587851596553587532,,456,,1587851596,551471948,'',"""celsius""",1.75164830685,726.171813965
1587851597553325783,,457,,1587851597,551162958,'',"""celsius""",1.7512087822,725.95526123
1587851598554529033,,458,,1587851598,551573991,'',"""celsius""",1.75296700001,726.821350098
1587851599553659949,,459,,1587851599,551208019,'',"""celsius""",1.75164830685,726.171813965
1587851600554451366,,460,,1587851600,552709102,'',"""celsius""",1.75076925755,725.738708496
1587851601554358658,,461,,1587851601,551508903,'',"""celsius""",1.75296700001,726.821350098
1587851602553300783,,462,,1587851602,550785064,'',"""celsius""",1.75208795071,726.388305664
1587851603556161325,,463,,1587851603,554347038,'',"""celsius""",1.75032973289,725.522155762
1587851604553960742,,464,,1587851604,552047014,'',"""celsius""",1.75340664387,727.037841797
1587851605553516867,,465,,1587851605,551542997,'',"""celsius""",1.75340664387,727.037841797
1587851606553886867,,466,,1587851606,551390886,'',"""celsius""",1.75340664387,727.037841797
1587851607561211117,,467,,1587851607,559086084,'',"""celsius""",1.75208795071,726.388305664
1587851608553679326,,468,,1587851608,552072048,'',"""celsius""",1.75252747536,726.604858398
1587851609554162951,,469,,1587851609,552503108,'',"""celsius""",1.75384616852,727.254333496
1587851610556051659,,470,,1587851610,553941965,'',"""celsius""",1.75208795071,726.388305664
1587851611554619534,,471,,1587851611,551456928,'',"""celsius""",1.75428569317,727.470825195
1587851612554256159,,472,,1587851612,551424026,'',"""celsius""",1.75428569317,727.470825195
1587851613554702576,,473,,1587851613,551526069,'',"""celsius""",1.75472521782,727.687316895
1587851614553769618,,474,,1587851614,552134990,'',"""celsius""",1.75428569317,727.470825195
1587851615554935993,,475,,1587851615,553340911,'',"""celsius""",1.75428569317,727.470825195
1587851616556316952,,476,,1587851616,554501056,'',"""celsius""",1.75252747536,726.604858398
1587851617554430993,,477,,1587851617,552813053,'',"""celsius""",1.75384616852,727.254333496
1587851618553756827,,478,,1587851618,551491975,'',"""celsius""",1.75516486168,727.903747559
1587851619556160202,,479,,1587851619,551737070,'',"""celsius""",1.75560438633,728.120239258
1587851620555048369,,480,,1587851620,553142070,'',"""celsius""",1.75648355484,728.553100586
1587851621554080577,,481,,1587851621,552206993,'',"""celsius""",1.75648355484,728.553100586
1587851622554016077,,482,,1587851622,552350044,'',"""celsius""",1.75560438633,728.120239258
1587851623554063452,,483,,1587851623,551532030,'',"""celsius""",1.75560438633,728.120239258
1587851624553685577,,484,,1587851624,551456928,'',"""celsius""",1.75692307949,728.76953125
1587851625553491786,,485,,1587851625,551434040,'',"""celsius""",1.75604391098,728.336669922
1587851626553934161,,486,,1587851626,551470994,'',"""celsius""",1.75604391098,728.336669922
1587851627553954744,,487,,1587851627,552344083,'',"""celsius""",1.75648355484,728.553100586
1587851628553607786,,488,,1587851628,551460981,'',"""celsius""",1.75648355484,728.553100586
1587851629553803036,,489,,1587851629,552165985,'',"""celsius""",1.75560438633,728.120239258
1587851630553899537,,490,,1587851630,551439046,'',"""celsius""",1.75560438633,728.120239258
1587851631553914537,,491,,1587851631,551537036,'',"""celsius""",1.75516486168,727.903747559
1587851632558730995,,492,,1587851632,556888103,'',"""celsius""",1.75208795071,726.388305664
1587851633554350662,,493,,1587851633,552584886,'',"""celsius""",1.75472521782,727.687316895
1587851634555147787,,494,,1587851634,551486015,'',"""celsius""",1.75516486168,727.903747559
1587851635554548287,,495,,1587851635,552653074,'',"""celsius""",1.75428569317,727.470825195
1587851636560032412,,496,,1587851636,554390907,'',"""celsius""",1.75208795071,726.388305664
1587851637558101079,,497,,1587851637,551491022,'',"""celsius""",1.75428569317,727.470825195
1587851638553675246,,498,,1587851638,551408052,'',"""celsius""",1.75340664387,727.037841797
1587851639556971746,,499,,1587851639,554332017,'',"""celsius""",1.75296700001,726.821350098
1587851640571627038,,500,,1587851640,561160087,'',"""celsius""",1.75384616852,727.254333496
1587851641553609205,,501,,1587851641,551515102,'',"""celsius""",1.75252747536,726.604858398
1587851642553847705,,502,,1587851642,552217006,'',"""celsius""",1.75208795071,726.388305664
1587851643553706080,,503,,1587851643,551704883,'',"""celsius""",1.75252747536,726.604858398
1587851644554212872,,504,,1587851644,552278995,'',"""celsius""",1.75208795071,726.388305664
1587851645554570538,,505,,1587851645,551979064,'',"""celsius""",1.75252747536,726.604858398
1587851646555603788,,506,,1587851646,553634881,'',"""celsius""",1.75164830685,726.171813965
1587851647553968247,,507,,1587851647,551688909,'',"""celsius""",1.75252747536,726.604858398
1587851648553857455,,508,,1587851648,551577091,'',"""celsius""",1.75208795071,726.388305664
1587851649557646997,,509,,1587851649,554349899,'',"""celsius""",1.74989008904,725.305603027
1587851650556448539,,510,,1587851650,554735898,'',"""celsius""",1.75076925755,725.738708496
1587851651555541081,,511,,1587851651,553170919,'',"""celsius""",1.75252747536,726.604858398
1587851652553972872,,512,,1587851652,552293062,'',"""celsius""",1.75076925755,725.738708496
1587851653553723998,,513,,1587851653,551572084,'',"""celsius""",1.75032973289,725.522155762
1587851654553569331,,514,,1587851654,551651000,'',"""celsius""",1.74945056438,725.088989258
1587851655555446623,,515,,1587851655,553423881,'',"""celsius""",1.7512087822,725.95526123
1587851656554247081,,516,,1587851656,552633047,'',"""celsius""",1.74989008904,725.305603027
1587851657554452831,,517,,1587851657,552788972,'',"""celsius""",1.75076925755,725.738708496
1587851658554105165,,518,,1587851658,551393985,'',"""celsius""",1.75032973289,725.522155762
1587851659555341832,,519,,1587851659,551577091,'',"""celsius""",1.7512087822,725.95526123
1587851660554093748,,520,,1587851660,551496982,'',"""celsius""",1.74989008904,725.305603027
1587851661554154040,,521,,1587851661,552426099,'',"""celsius""",1.75252747536,726.604858398
1587851662553377249,,522,,1587851662,551415920,'',"""celsius""",1.75252747536,726.604858398
1587851663554295207,,523,,1587851663,551597118,'',"""celsius""",1.75252747536,726.604858398
1587851664555187416,,524,,1587851664,553576946,'',"""celsius""",1.75296700001,726.821350098
